{
  "clf.MSE": {
    "steps": [
      0
    ],
    "timestamps": [
      "2019-11-23T17:42:33.404451"
    ],
    "values": [
      6.330816787269073
    ]
  }
}