{
  "clf.MSE": {
    "steps": [
      0
    ],
    "timestamps": [
      "2019-11-23T18:04:26.745014"
    ],
    "values": [
      6.534799053448812
    ]
  }
}