{
  "clf.MSE": {
    "steps": [
      0
    ],
    "timestamps": [
      "2019-11-23T16:56:43.932328"
    ],
    "values": [
      6.365674690127976
    ]
  }
}