{
  "clf.MSE": {
    "steps": [
      0
    ],
    "timestamps": [
      "2019-11-23T18:03:14.947500"
    ],
    "values": [
      6.738051555080413
    ]
  }
}