{
  "clf.MSE": {
    "steps": [
      0
    ],
    "timestamps": [
      "2019-11-23T18:01:58.717748"
    ],
    "values": [
      6.692567964169277
    ]
  }
}