{
  "clf.MSE": {
    "steps": [
      0
    ],
    "timestamps": [
      "2019-11-23T16:56:10.423017"
    ],
    "values": [
      6.2796980025585825
    ]
  }
}