{
  "clf.MSE": {
    "steps": [
      0
    ],
    "timestamps": [
      "2019-11-23T17:40:15.596167"
    ],
    "values": [
      6.502279006846789
    ]
  }
}