{
  "clf.MSE": {
    "steps": [
      0
    ],
    "timestamps": [
      "2019-11-23T17:38:48.268041"
    ],
    "values": [
      6.295301139334092
    ]
  }
}