{
  "clf.MSE": {
    "steps": [
      0
    ],
    "timestamps": [
      "2019-11-23T16:54:13.681350"
    ],
    "values": [
      6.335613996836032
    ]
  }
}