{
  "clf.MSE": {
    "steps": [
      0
    ],
    "timestamps": [
      "2019-11-23T17:48:39.426820"
    ],
    "values": [
      6.738077626738541
    ]
  }
}