{
  "clf.MSE": {
    "steps": [
      0
    ],
    "timestamps": [
      "2019-11-23T17:50:09.859839"
    ],
    "values": [
      6.5108147265705325
    ]
  }
}