{
  "clf.MSE": {
    "steps": [
      0
    ],
    "timestamps": [
      "2019-11-23T17:44:58.533569"
    ],
    "values": [
      6.451001953925623
    ]
  }
}