{
  "clf.MSE": {
    "steps": [
      0
    ],
    "timestamps": [
      "2019-11-23T17:22:23.808945"
    ],
    "values": [
      6.526439835360165
    ]
  }
}