{
  "clf.MSE": {
    "steps": [
      0
    ],
    "timestamps": [
      "2019-11-23T17:39:12.157180"
    ],
    "values": [
      6.453178891546274
    ]
  }
}